{"cameraMode":{"drawMode":0,"name":"Shaded","section":"Shading Mode"},"sceneLighting":true,"audioPlay":false,"sceneViewState":{"m_AlwaysRefresh":false,"showFog":true,"showSkybox":true,"showFlares":true,"showImageEffects":true,"showParticleSystems":true,"showVisualEffectGraphs":true,"m_FxEnabled":true},"in2DMode":false,"pivot":{"x":20.76357078552246,"y":-74.3007583618164,"z":178.79376220703126},"rotation":{"x":-0.19541910290718079,"y":-0.034712132066488269,"z":0.006921682041138411,"w":-0.9800812602043152},"size":103.38279724121094,"orthographic":false}